,TK_WITH,TK_PARAMETERS,TK_END,TK_WHILE,TK_UNION,TK_ENDUNION,TK_DEFINETYPE,TK_AS,TK_TYPE,TK_GLOBAL,TK_PARAMETER,TK_LIST,TK_INPUT,TK_OUTPUT,TK_INT,TK_REAL,TK_ENDWHILE,TK_IF,TK_THEN,TK_ENDIF,TK_READ,TK_WRITE,TK_RETURN,TK_CALL,TK_RECORD,TK_ENDRECORD,TK_ELSE,TK_ASSIGNOP,TK_COMMENT,TK_FIELDID,TK_ID,TK_NUM,TK_RNUM,TK_FUNID,TK_RUID,TK_MAIN,TK_SQL,TK_SQR,TK_COMMA,TK_SEM,TK_COLON,TK_DOT,TK_OP,TK_CL,TK_PLUS,TK_MINUS,TK_MUL,TK_DIV,TK_AND,TK_OR,TK_NOT,TK_LT,TK_LE,TK_EQ,TK_GT,TK_GE,TK_NE,TK_EOF,
<program>,Error,Error,Error,Error,Error,Error,Error,Error,Error,Error,Error,Error,Error,Error,Error,Error,Error,Error,Error,Error,Error,Error,Error,Error,Error,Error,Error,Error,Error,Error,Error,Error,Error,<program> ===>  <otherFunctions>  <mainFunction> ,Error,<program> ===>  <otherFunctions>  <mainFunction> ,Error,Error,Error,Error,Error,Error,Error,Error,Error,Error,Error,Error,Error,Error,Error,Error,Error,Error,Error,Error,Error,<program> ===>  <otherFunctions>  <mainFunction> ,
<mainFunction>,Error,Error,<mainFunction> ===>  TK_MAIN  <stmts>  TK_END ,<mainFunction> ===>  TK_MAIN  <stmts>  TK_END ,<mainFunction> ===>  TK_MAIN  <stmts>  TK_END ,Error,<mainFunction> ===>  TK_MAIN  <stmts>  TK_END ,Error,<mainFunction> ===>  TK_MAIN  <stmts>  TK_END ,Error,Error,Error,Error,Error,Error,Error,Error,<mainFunction> ===>  TK_MAIN  <stmts>  TK_END ,Error,Error,<mainFunction> ===>  TK_MAIN  <stmts>  TK_END ,<mainFunction> ===>  TK_MAIN  <stmts>  TK_END ,<mainFunction> ===>  TK_MAIN  <stmts>  TK_END ,<mainFunction> ===>  TK_MAIN  <stmts>  TK_END ,<mainFunction> ===>  TK_MAIN  <stmts>  TK_END ,Error,Error,Error,Error,Error,<mainFunction> ===>  TK_MAIN  <stmts>  TK_END ,Error,Error,Error,Error,<mainFunction> ===>  TK_MAIN  <stmts>  TK_END ,<mainFunction> ===>  TK_MAIN  <stmts>  TK_END ,Error,Error,Error,Error,Error,Error,Error,Error,Error,Error,Error,Error,Error,Error,Error,Error,Error,Error,Error,Error,Error,
<otherFunctions>,Error,Error,Error,Error,Error,Error,Error,Error,Error,Error,Error,Error,Error,Error,Error,Error,Error,Error,Error,Error,Error,Error,Error,Error,Error,Error,Error,Error,Error,Error,Error,Error,Error,<otherFunctions> ===>  <function>  <otherFunctions> ,Error,<otherFunctions> ===>  epsilon ,Error,Error,Error,Error,Error,Error,Error,Error,Error,Error,Error,Error,Error,Error,Error,Error,Error,Error,Error,Error,Error,Error,
<function>,Error,Error,<function> ===>  TK_FUNID  <input_par>  <output_par>  TK_SEM  <stmts>  TK_END ,<function> ===>  TK_FUNID  <input_par>  <output_par>  TK_SEM  <stmts>  TK_END ,<function> ===>  TK_FUNID  <input_par>  <output_par>  TK_SEM  <stmts>  TK_END ,Error,<function> ===>  TK_FUNID  <input_par>  <output_par>  TK_SEM  <stmts>  TK_END ,Error,<function> ===>  TK_FUNID  <input_par>  <output_par>  TK_SEM  <stmts>  TK_END ,Error,Error,Error,<function> ===>  TK_FUNID  <input_par>  <output_par>  TK_SEM  <stmts>  TK_END ,<function> ===>  TK_FUNID  <input_par>  <output_par>  TK_SEM  <stmts>  TK_END ,Error,Error,Error,<function> ===>  TK_FUNID  <input_par>  <output_par>  TK_SEM  <stmts>  TK_END ,Error,Error,<function> ===>  TK_FUNID  <input_par>  <output_par>  TK_SEM  <stmts>  TK_END ,<function> ===>  TK_FUNID  <input_par>  <output_par>  TK_SEM  <stmts>  TK_END ,<function> ===>  TK_FUNID  <input_par>  <output_par>  TK_SEM  <stmts>  TK_END ,<function> ===>  TK_FUNID  <input_par>  <output_par>  TK_SEM  <stmts>  TK_END ,<function> ===>  TK_FUNID  <input_par>  <output_par>  TK_SEM  <stmts>  TK_END ,Error,Error,Error,Error,Error,<function> ===>  TK_FUNID  <input_par>  <output_par>  TK_SEM  <stmts>  TK_END ,Error,Error,<function> ===>  TK_FUNID  <input_par>  <output_par>  TK_SEM  <stmts>  TK_END ,Error,<function> ===>  TK_FUNID  <input_par>  <output_par>  TK_SEM  <stmts>  TK_END ,<function> ===>  TK_FUNID  <input_par>  <output_par>  TK_SEM  <stmts>  TK_END ,Error,Error,<function> ===>  TK_FUNID  <input_par>  <output_par>  TK_SEM  <stmts>  TK_END ,Error,Error,Error,Error,Error,Error,Error,Error,Error,Error,Error,Error,Error,Error,Error,Error,Error,Error,
<input_par>,Error,Error,Error,Error,<input_par> ===>  TK_INPUT  TK_PARAMETER  TK_LIST  TK_SQL  <parameter_list>  TK_SQR ,Error,Error,Error,Error,Error,<input_par> ===>  TK_INPUT  TK_PARAMETER  TK_LIST  TK_SQL  <parameter_list>  TK_SQR ,<input_par> ===>  TK_INPUT  TK_PARAMETER  TK_LIST  TK_SQL  <parameter_list>  TK_SQR ,<input_par> ===>  TK_INPUT  TK_PARAMETER  TK_LIST  TK_SQL  <parameter_list>  TK_SQR ,Error,<input_par> ===>  TK_INPUT  TK_PARAMETER  TK_LIST  TK_SQL  <parameter_list>  TK_SQR ,<input_par> ===>  TK_INPUT  TK_PARAMETER  TK_LIST  TK_SQL  <parameter_list>  TK_SQR ,Error,Error,Error,Error,Error,Error,Error,Error,<input_par> ===>  TK_INPUT  TK_PARAMETER  TK_LIST  TK_SQL  <parameter_list>  TK_SQR ,Error,Error,Error,Error,Error,Error,Error,Error,Error,<input_par> ===>  TK_INPUT  TK_PARAMETER  TK_LIST  TK_SQL  <parameter_list>  TK_SQR ,Error,<input_par> ===>  TK_INPUT  TK_PARAMETER  TK_LIST  TK_SQL  <parameter_list>  TK_SQR ,<input_par> ===>  TK_INPUT  TK_PARAMETER  TK_LIST  TK_SQL  <parameter_list>  TK_SQR ,Error,Error,Error,Error,Error,Error,Error,Error,Error,Error,Error,Error,Error,Error,Error,Error,Error,Error,Error,Error,
<output_par>,Error,Error,Error,Error,<output_par> ===>  TK_OUTPUT  TK_PARAMETER  TK_LIST  TK_SQL  <parameter_list>  TK_SQR ,Error,Error,Error,Error,Error,<output_par> ===>  TK_OUTPUT  TK_PARAMETER  TK_LIST  TK_SQL  <parameter_list>  TK_SQR ,<output_par> ===>  TK_OUTPUT  TK_PARAMETER  TK_LIST  TK_SQL  <parameter_list>  TK_SQR ,Error,<output_par> ===>  TK_OUTPUT  TK_PARAMETER  TK_LIST  TK_SQL  <parameter_list>  TK_SQR ,<output_par> ===>  TK_OUTPUT  TK_PARAMETER  TK_LIST  TK_SQL  <parameter_list>  TK_SQR ,<output_par> ===>  TK_OUTPUT  TK_PARAMETER  TK_LIST  TK_SQL  <parameter_list>  TK_SQR ,Error,Error,Error,Error,Error,Error,Error,Error,<output_par> ===>  TK_OUTPUT  TK_PARAMETER  TK_LIST  TK_SQL  <parameter_list>  TK_SQR ,Error,Error,Error,Error,Error,Error,Error,Error,Error,<output_par> ===>  TK_OUTPUT  TK_PARAMETER  TK_LIST  TK_SQL  <parameter_list>  TK_SQR ,Error,<output_par> ===>  TK_OUTPUT  TK_PARAMETER  TK_LIST  TK_SQL  <parameter_list>  TK_SQR ,<output_par> ===>  TK_OUTPUT  TK_PARAMETER  TK_LIST  TK_SQL  <parameter_list>  TK_SQR ,Error,<output_par> ===>  epsilon ,Error,Error,Error,Error,Error,Error,Error,Error,Error,Error,Error,Error,Error,Error,Error,Error,Error,Error,
<parameter_list>,Error,Error,Error,Error,<parameter_list> ===>  <dataType>  TK_ID  <remaining_list> ,Error,Error,Error,Error,Error,Error,Error,Error,Error,<parameter_list> ===>  <dataType>  TK_ID  <remaining_list> ,<parameter_list> ===>  <dataType>  TK_ID  <remaining_list> ,Error,Error,Error,Error,Error,Error,Error,Error,<parameter_list> ===>  <dataType>  TK_ID  <remaining_list> ,Error,Error,Error,Error,Error,<parameter_list> ===>  <dataType>  TK_ID  <remaining_list> ,Error,Error,Error,<parameter_list> ===>  <dataType>  TK_ID  <remaining_list> ,Error,Error,<parameter_list> ===>  <dataType>  TK_ID  <remaining_list> ,<parameter_list> ===>  <dataType>  TK_ID  <remaining_list> ,Error,Error,Error,Error,Error,Error,Error,Error,Error,Error,Error,Error,Error,Error,Error,Error,Error,Error,Error,
<dataType>,Error,Error,Error,Error,<dataType> ===>  <constructedDatatype> ,Error,Error,Error,Error,Error,Error,Error,Error,Error,<dataType> ===>  <primitiveDatatype> ,<dataType> ===>  <primitiveDatatype> ,Error,Error,Error,Error,Error,Error,Error,Error,<dataType> ===>  <constructedDatatype> ,Error,Error,Error,Error,Error,Error,Error,Error,Error,<dataType> ===>  <constructedDatatype> ,Error,Error,Error,Error,Error,Error,Error,Error,Error,Error,Error,Error,Error,Error,Error,Error,Error,Error,Error,Error,Error,Error,Error,
<primitiveDatatype>,Error,Error,Error,Error,Error,Error,Error,Error,Error,Error,Error,Error,Error,Error,<primitiveDatatype> ===>  TK_INT ,<primitiveDatatype> ===>  TK_REAL ,Error,Error,Error,Error,Error,Error,Error,Error,Error,Error,Error,Error,Error,Error,Error,Error,Error,Error,Error,Error,Error,Error,Error,Error,Error,Error,Error,Error,Error,Error,Error,Error,Error,Error,Error,Error,Error,Error,Error,Error,Error,Error,
<constructedDatatype>,Error,Error,Error,Error,<constructedDatatype> ===>  TK_UNION  TK_RUID ,Error,Error,Error,Error,Error,Error,Error,Error,Error,Error,Error,Error,Error,Error,Error,Error,Error,Error,Error,<constructedDatatype> ===>  TK_RECORD  TK_RUID ,Error,Error,Error,Error,Error,Error,Error,Error,Error,<constructedDatatype> ===>  TK_RUID ,Error,Error,Error,Error,Error,Error,Error,Error,Error,Error,Error,Error,Error,Error,Error,Error,Error,Error,Error,Error,Error,Error,Error,
<remaining_list>,Error,Error,Error,Error,<remaining_list> ===>  TK_COMMA  <parameter_list> ,Error,Error,Error,Error,Error,Error,Error,Error,Error,<remaining_list> ===>  TK_COMMA  <parameter_list> ,<remaining_list> ===>  TK_COMMA  <parameter_list> ,Error,Error,Error,Error,Error,Error,Error,Error,<remaining_list> ===>  TK_COMMA  <parameter_list> ,Error,Error,Error,Error,Error,Error,Error,Error,Error,<remaining_list> ===>  TK_COMMA  <parameter_list> ,Error,Error,<remaining_list> ===>  epsilon ,<remaining_list> ===>  TK_COMMA  <parameter_list> ,Error,Error,Error,Error,Error,Error,Error,Error,Error,Error,Error,Error,Error,Error,Error,Error,Error,Error,Error,
<stmts>,Error,Error,<stmts> ===>  <typeDefinitions>  <declarations>  <otherStmts>  <returnStmt> ,<stmts> ===>  <typeDefinitions>  <declarations>  <otherStmts>  <returnStmt> ,<stmts> ===>  <typeDefinitions>  <declarations>  <otherStmts>  <returnStmt> ,Error,<stmts> ===>  <typeDefinitions>  <declarations>  <otherStmts>  <returnStmt> ,Error,<stmts> ===>  <typeDefinitions>  <declarations>  <otherStmts>  <returnStmt> ,Error,Error,Error,Error,Error,Error,Error,Error,<stmts> ===>  <typeDefinitions>  <declarations>  <otherStmts>  <returnStmt> ,Error,Error,<stmts> ===>  <typeDefinitions>  <declarations>  <otherStmts>  <returnStmt> ,<stmts> ===>  <typeDefinitions>  <declarations>  <otherStmts>  <returnStmt> ,<stmts> ===>  <typeDefinitions>  <declarations>  <otherStmts>  <returnStmt> ,<stmts> ===>  <typeDefinitions>  <declarations>  <otherStmts>  <returnStmt> ,<stmts> ===>  <typeDefinitions>  <declarations>  <otherStmts>  <returnStmt> ,Error,Error,Error,Error,Error,<stmts> ===>  <typeDefinitions>  <declarations>  <otherStmts>  <returnStmt> ,Error,Error,Error,Error,Error,<stmts> ===>  <typeDefinitions>  <declarations>  <otherStmts>  <returnStmt> ,Error,Error,Error,Error,Error,Error,Error,Error,Error,Error,Error,Error,Error,Error,Error,Error,Error,Error,Error,Error,Error,
<typeDefinitions>,Error,Error,Error,<typeDefinitions> ===>  epsilon ,<typeDefinitions> ===>  <actualOrRedefined>  <typeDefinitions> ,Error,<typeDefinitions> ===>  <actualOrRedefined>  <typeDefinitions> ,Error,<typeDefinitions> ===>  epsilon ,Error,Error,Error,Error,Error,Error,Error,Error,<typeDefinitions> ===>  epsilon ,Error,Error,<typeDefinitions> ===>  epsilon ,<typeDefinitions> ===>  epsilon ,<typeDefinitions> ===>  epsilon ,<typeDefinitions> ===>  epsilon ,<typeDefinitions> ===>  <actualOrRedefined>  <typeDefinitions> ,Error,Error,Error,Error,Error,<typeDefinitions> ===>  epsilon ,Error,Error,Error,Error,Error,<typeDefinitions> ===>  epsilon ,Error,Error,Error,Error,Error,Error,Error,Error,Error,Error,Error,Error,Error,Error,Error,Error,Error,Error,Error,Error,Error,
<actualOrRedefined>,Error,Error,Error,Error,<actualOrRedefined> ===>  <typeDefinition> ,Error,<actualOrRedefined> ===>  <definetypestmt> ,Error,Error,Error,Error,Error,Error,Error,Error,Error,Error,Error,Error,Error,Error,Error,Error,Error,<actualOrRedefined> ===>  <typeDefinition> ,Error,Error,Error,Error,Error,Error,Error,Error,Error,Error,Error,Error,Error,Error,Error,Error,Error,Error,Error,Error,Error,Error,Error,Error,Error,Error,Error,Error,Error,Error,Error,Error,Error,
<typeDefinition>,Error,Error,Error,Error,<typeDefinition> ===>  TK_UNION  TK_RUID  <fieldDefinitions>  TK_ENDUNION ,<typeDefinition> ===>  TK_UNION  TK_RUID  <fieldDefinitions>  TK_ENDUNION ,Error,Error,<typeDefinition> ===>  TK_UNION  TK_RUID  <fieldDefinitions>  TK_ENDUNION ,Error,Error,Error,Error,Error,Error,Error,Error,Error,Error,Error,Error,Error,Error,Error,<typeDefinition> ===>  TK_RECORD  TK_RUID  <fieldDefinitions>  TK_ENDRECORD ,<typeDefinition> ===>  TK_RECORD  TK_RUID  <fieldDefinitions>  TK_ENDRECORD ,Error,Error,Error,Error,Error,Error,Error,Error,<typeDefinition> ===>  TK_UNION  TK_RUID  <fieldDefinitions>  TK_ENDUNION ,Error,Error,Error,Error,Error,Error,Error,Error,Error,Error,Error,Error,Error,Error,Error,Error,Error,Error,Error,Error,Error,Error,Error,
<fieldDefinitions>,Error,Error,Error,Error,Error,<fieldDefinitions> ===>  <fieldDefinition>  <fieldDefinition>  <moreFields> ,Error,Error,<fieldDefinitions> ===>  <fieldDefinition>  <fieldDefinition>  <moreFields> ,Error,Error,Error,Error,Error,Error,Error,Error,Error,Error,Error,Error,Error,Error,Error,Error,<fieldDefinitions> ===>  <fieldDefinition>  <fieldDefinition>  <moreFields> ,Error,Error,Error,Error,Error,Error,Error,Error,Error,Error,Error,Error,Error,Error,Error,Error,Error,Error,Error,Error,Error,Error,Error,Error,Error,Error,Error,Error,Error,Error,Error,Error,
<fieldDefinition>,Error,Error,Error,Error,Error,Error,Error,Error,<fieldDefinition> ===>  TK_TYPE  <fieldType>  TK_COLON  TK_FIELDID  TK_SEM ,Error,Error,Error,Error,Error,<fieldDefinition> ===>  TK_TYPE  <fieldType>  TK_COLON  TK_FIELDID  TK_SEM ,<fieldDefinition> ===>  TK_TYPE  <fieldType>  TK_COLON  TK_FIELDID  TK_SEM ,Error,Error,Error,Error,Error,Error,Error,Error,Error,Error,Error,Error,Error,<fieldDefinition> ===>  TK_TYPE  <fieldType>  TK_COLON  TK_FIELDID  TK_SEM ,Error,Error,Error,Error,<fieldDefinition> ===>  TK_TYPE  <fieldType>  TK_COLON  TK_FIELDID  TK_SEM ,Error,Error,Error,Error,<fieldDefinition> ===>  TK_TYPE  <fieldType>  TK_COLON  TK_FIELDID  TK_SEM ,<fieldDefinition> ===>  TK_TYPE  <fieldType>  TK_COLON  TK_FIELDID  TK_SEM ,Error,Error,Error,Error,Error,Error,Error,Error,Error,Error,Error,Error,Error,Error,Error,Error,Error,
<fieldType>,Error,Error,Error,Error,Error,Error,Error,Error,Error,Error,Error,Error,Error,Error,<fieldType> ===>  <primitiveDatatype> ,<fieldType> ===>  <primitiveDatatype> ,Error,Error,Error,Error,Error,Error,Error,Error,Error,Error,Error,Error,Error,Error,Error,Error,Error,Error,<fieldType> ===>  TK_RUID ,Error,Error,Error,Error,Error,Error,Error,Error,Error,Error,Error,Error,Error,Error,Error,Error,Error,Error,Error,Error,Error,Error,Error,
<moreFields>,Error,Error,Error,Error,Error,<moreFields> ===>  epsilon ,Error,Error,<moreFields> ===>  <fieldDefinition>  <moreFields> ,Error,Error,Error,Error,Error,Error,Error,Error,Error,Error,Error,Error,Error,Error,Error,Error,<moreFields> ===>  epsilon ,Error,Error,Error,Error,Error,Error,Error,Error,Error,Error,Error,Error,Error,Error,Error,Error,Error,Error,Error,Error,Error,Error,Error,Error,Error,Error,Error,Error,Error,Error,Error,Error,
<declarations>,Error,Error,Error,<declarations> ===>  epsilon ,Error,Error,Error,Error,<declarations> ===>  <declaration>  <declarations> ,Error,Error,Error,Error,Error,Error,Error,Error,<declarations> ===>  epsilon ,Error,Error,<declarations> ===>  epsilon ,<declarations> ===>  epsilon ,<declarations> ===>  epsilon ,<declarations> ===>  epsilon ,Error,Error,Error,Error,Error,Error,<declarations> ===>  epsilon ,Error,Error,Error,Error,Error,<declarations> ===>  epsilon ,Error,Error,Error,Error,Error,Error,Error,Error,Error,Error,Error,Error,Error,Error,Error,Error,Error,Error,Error,Error,Error,
<declaration>,Error,Error,Error,<declaration> ===>  TK_TYPE  <dataType>  TK_COLON  TK_ID  <global_or_not>  TK_SEM ,<declaration> ===>  TK_TYPE  <dataType>  TK_COLON  TK_ID  <global_or_not>  TK_SEM ,Error,Error,Error,<declaration> ===>  TK_TYPE  <dataType>  TK_COLON  TK_ID  <global_or_not>  TK_SEM ,Error,Error,Error,Error,Error,<declaration> ===>  TK_TYPE  <dataType>  TK_COLON  TK_ID  <global_or_not>  TK_SEM ,<declaration> ===>  TK_TYPE  <dataType>  TK_COLON  TK_ID  <global_or_not>  TK_SEM ,Error,<declaration> ===>  TK_TYPE  <dataType>  TK_COLON  TK_ID  <global_or_not>  TK_SEM ,Error,Error,<declaration> ===>  TK_TYPE  <dataType>  TK_COLON  TK_ID  <global_or_not>  TK_SEM ,<declaration> ===>  TK_TYPE  <dataType>  TK_COLON  TK_ID  <global_or_not>  TK_SEM ,<declaration> ===>  TK_TYPE  <dataType>  TK_COLON  TK_ID  <global_or_not>  TK_SEM ,<declaration> ===>  TK_TYPE  <dataType>  TK_COLON  TK_ID  <global_or_not>  TK_SEM ,<declaration> ===>  TK_TYPE  <dataType>  TK_COLON  TK_ID  <global_or_not>  TK_SEM ,Error,Error,Error,Error,Error,<declaration> ===>  TK_TYPE  <dataType>  TK_COLON  TK_ID  <global_or_not>  TK_SEM ,Error,Error,Error,<declaration> ===>  TK_TYPE  <dataType>  TK_COLON  TK_ID  <global_or_not>  TK_SEM ,Error,<declaration> ===>  TK_TYPE  <dataType>  TK_COLON  TK_ID  <global_or_not>  TK_SEM ,Error,Error,<declaration> ===>  TK_TYPE  <dataType>  TK_COLON  TK_ID  <global_or_not>  TK_SEM ,<declaration> ===>  TK_TYPE  <dataType>  TK_COLON  TK_ID  <global_or_not>  TK_SEM ,Error,Error,Error,Error,Error,Error,Error,Error,Error,Error,Error,Error,Error,Error,Error,Error,Error,
<global_or_not>,Error,Error,Error,Error,Error,Error,Error,Error,Error,<global_or_not> ===>  TK_COLON  TK_GLOBAL ,Error,Error,Error,Error,Error,Error,Error,Error,Error,Error,Error,Error,Error,Error,Error,Error,Error,Error,Error,Error,Error,Error,Error,Error,Error,Error,Error,Error,Error,<global_or_not> ===>  epsilon ,<global_or_not> ===>  TK_COLON  TK_GLOBAL ,Error,Error,Error,Error,Error,Error,Error,Error,Error,Error,Error,Error,Error,Error,Error,Error,Error,
<otherStmts>,Error,Error,Error,<otherStmts> ===>  <stmt>  <otherStmts> ,Error,Error,Error,Error,Error,Error,Error,Error,Error,Error,Error,Error,<otherStmts> ===>  epsilon ,<otherStmts> ===>  <stmt>  <otherStmts> ,Error,<otherStmts> ===>  epsilon ,<otherStmts> ===>  <stmt>  <otherStmts> ,<otherStmts> ===>  <stmt>  <otherStmts> ,<otherStmts> ===>  epsilon ,<otherStmts> ===>  <stmt>  <otherStmts> ,Error,Error,<otherStmts> ===>  epsilon ,Error,Error,Error,<otherStmts> ===>  <stmt>  <otherStmts> ,Error,Error,Error,Error,Error,<otherStmts> ===>  <stmt>  <otherStmts> ,Error,Error,Error,Error,Error,Error,Error,Error,Error,Error,Error,Error,Error,Error,Error,Error,Error,Error,Error,Error,Error,
<stmt>,Error,Error,Error,<stmt> ===>  <iterativeStmt> ,Error,Error,Error,Error,Error,Error,Error,Error,Error,Error,Error,Error,Error,<stmt> ===>  <conditionalStmt> ,Error,Error,<stmt> ===>  <ioStmt> ,<stmt> ===>  <ioStmt> ,Error,<stmt> ===>  <funCallStmt> ,Error,Error,Error,Error,Error,Error,<stmt> ===>  <assignmentStmt> ,Error,Error,Error,Error,Error,<stmt> ===>  <funCallStmt> ,Error,Error,Error,Error,Error,Error,Error,Error,Error,Error,Error,Error,Error,Error,Error,Error,Error,Error,Error,Error,Error,
<assignmentStmt>,Error,Error,Error,Error,Error,Error,Error,Error,Error,Error,Error,Error,Error,Error,Error,Error,Error,Error,Error,Error,Error,Error,Error,Error,Error,Error,Error,<assignmentStmt> ===>  <singleOrRecId>  TK_ASSIGNOP  <arithmeticExpression>  TK_SEM ,Error,Error,<assignmentStmt> ===>  <singleOrRecId>  TK_ASSIGNOP  <arithmeticExpression>  TK_SEM ,<assignmentStmt> ===>  <singleOrRecId>  TK_ASSIGNOP  <arithmeticExpression>  TK_SEM ,<assignmentStmt> ===>  <singleOrRecId>  TK_ASSIGNOP  <arithmeticExpression>  TK_SEM ,Error,Error,Error,Error,Error,Error,<assignmentStmt> ===>  <singleOrRecId>  TK_ASSIGNOP  <arithmeticExpression>  TK_SEM ,Error,Error,<assignmentStmt> ===>  <singleOrRecId>  TK_ASSIGNOP  <arithmeticExpression>  TK_SEM ,Error,Error,Error,Error,Error,Error,Error,Error,Error,Error,Error,Error,Error,Error,Error,
<singleOrRecId>,Error,Error,Error,Error,Error,Error,Error,Error,Error,Error,Error,Error,Error,Error,Error,Error,Error,Error,Error,Error,Error,Error,Error,Error,Error,Error,Error,<singleOrRecId> ===>  TK_ID  <option_single_constructed> ,Error,Error,<singleOrRecId> ===>  TK_ID  <option_single_constructed> ,Error,Error,Error,Error,Error,Error,Error,Error,Error,Error,<singleOrRecId> ===>  TK_ID  <option_single_constructed> ,Error,Error,Error,Error,Error,Error,Error,Error,Error,Error,Error,Error,Error,Error,Error,Error,
<option_single_constructed>,Error,Error,Error,Error,Error,Error,Error,Error,Error,Error,Error,Error,Error,Error,Error,Error,Error,Error,Error,Error,Error,Error,Error,Error,Error,Error,Error,<option_single_constructed> ===>  epsilon ,Error,Error,Error,Error,Error,Error,Error,Error,Error,Error,Error,Error,Error,<option_single_constructed> ===>  <oneExpansion>  <moreExpansions> ,Error,Error,Error,Error,Error,Error,Error,Error,Error,Error,Error,Error,Error,Error,Error,Error,
<oneExpansion>,Error,Error,Error,Error,Error,Error,Error,Error,Error,Error,Error,Error,Error,Error,Error,Error,Error,Error,Error,Error,Error,Error,Error,Error,Error,Error,Error,Error,Error,<oneExpansion> ===>  TK_DOT  TK_FIELDID ,Error,Error,Error,Error,Error,Error,Error,Error,Error,Error,Error,<oneExpansion> ===>  TK_DOT  TK_FIELDID ,Error,Error,Error,Error,Error,Error,Error,Error,Error,Error,Error,Error,Error,Error,Error,Error,
<moreExpansions>,Error,Error,Error,Error,Error,Error,Error,Error,Error,Error,Error,Error,Error,Error,Error,Error,Error,Error,Error,Error,Error,Error,Error,Error,Error,Error,Error,<moreExpansions> ===>  epsilon ,Error,Error,Error,Error,Error,Error,Error,Error,Error,Error,Error,Error,Error,<moreExpansions> ===>  <oneExpansion>  <moreExpansions> ,Error,Error,Error,Error,Error,Error,Error,Error,Error,Error,Error,Error,Error,Error,Error,Error,
<funCallStmt>,<funCallStmt> ===>  <outputParameters>  TK_CALL  TK_FUNID  TK_WITH  TK_PARAMETERS  <inputParameters>  TK_SEM ,<funCallStmt> ===>  <outputParameters>  TK_CALL  TK_FUNID  TK_WITH  TK_PARAMETERS  <inputParameters>  TK_SEM ,Error,<funCallStmt> ===>  <outputParameters>  TK_CALL  TK_FUNID  TK_WITH  TK_PARAMETERS  <inputParameters>  TK_SEM ,Error,Error,Error,Error,Error,Error,Error,Error,Error,Error,Error,Error,<funCallStmt> ===>  <outputParameters>  TK_CALL  TK_FUNID  TK_WITH  TK_PARAMETERS  <inputParameters>  TK_SEM ,<funCallStmt> ===>  <outputParameters>  TK_CALL  TK_FUNID  TK_WITH  TK_PARAMETERS  <inputParameters>  TK_SEM ,Error,<funCallStmt> ===>  <outputParameters>  TK_CALL  TK_FUNID  TK_WITH  TK_PARAMETERS  <inputParameters>  TK_SEM ,<funCallStmt> ===>  <outputParameters>  TK_CALL  TK_FUNID  TK_WITH  TK_PARAMETERS  <inputParameters>  TK_SEM ,<funCallStmt> ===>  <outputParameters>  TK_CALL  TK_FUNID  TK_WITH  TK_PARAMETERS  <inputParameters>  TK_SEM ,<funCallStmt> ===>  <outputParameters>  TK_CALL  TK_FUNID  TK_WITH  TK_PARAMETERS  <inputParameters>  TK_SEM ,<funCallStmt> ===>  <outputParameters>  TK_CALL  TK_FUNID  TK_WITH  TK_PARAMETERS  <inputParameters>  TK_SEM ,Error,Error,<funCallStmt> ===>  <outputParameters>  TK_CALL  TK_FUNID  TK_WITH  TK_PARAMETERS  <inputParameters>  TK_SEM ,Error,Error,Error,<funCallStmt> ===>  <outputParameters>  TK_CALL  TK_FUNID  TK_WITH  TK_PARAMETERS  <inputParameters>  TK_SEM ,Error,Error,<funCallStmt> ===>  <outputParameters>  TK_CALL  TK_FUNID  TK_WITH  TK_PARAMETERS  <inputParameters>  TK_SEM ,Error,Error,<funCallStmt> ===>  <outputParameters>  TK_CALL  TK_FUNID  TK_WITH  TK_PARAMETERS  <inputParameters>  TK_SEM ,Error,Error,<funCallStmt> ===>  <outputParameters>  TK_CALL  TK_FUNID  TK_WITH  TK_PARAMETERS  <inputParameters>  TK_SEM ,Error,Error,Error,Error,Error,Error,Error,Error,Error,Error,Error,Error,Error,Error,Error,Error,Error,Error,
<outputParameters>,Error,Error,Error,Error,Error,Error,Error,Error,Error,Error,Error,Error,Error,Error,Error,Error,Error,Error,Error,Error,Error,Error,Error,<outputParameters> ===>  epsilon ,Error,Error,Error,<outputParameters> ===>  TK_SQL  <idList>  TK_SQR  TK_ASSIGNOP ,Error,Error,<outputParameters> ===>  TK_SQL  <idList>  TK_SQR  TK_ASSIGNOP ,Error,Error,Error,Error,Error,<outputParameters> ===>  TK_SQL  <idList>  TK_SQR  TK_ASSIGNOP ,<outputParameters> ===>  TK_SQL  <idList>  TK_SQR  TK_ASSIGNOP ,Error,Error,Error,Error,Error,Error,Error,Error,Error,Error,Error,Error,Error,Error,Error,Error,Error,Error,Error,Error,
<inputParameters>,Error,Error,Error,Error,Error,Error,Error,Error,Error,Error,Error,Error,Error,Error,Error,Error,Error,Error,Error,Error,Error,Error,Error,Error,Error,Error,Error,Error,Error,Error,<inputParameters> ===>  TK_SQL  <idList>  TK_SQR ,Error,Error,Error,Error,Error,<inputParameters> ===>  TK_SQL  <idList>  TK_SQR ,<inputParameters> ===>  TK_SQL  <idList>  TK_SQR ,Error,Error,Error,Error,Error,Error,Error,Error,Error,Error,Error,Error,Error,Error,Error,Error,Error,Error,Error,Error,
<iterativeStmt>,Error,Error,Error,<iterativeStmt> ===>  TK_WHILE  TK_OP  <booleanExpression>  TK_CL  <stmt>  <otherStmts>  TK_ENDWHILE ,Error,Error,Error,Error,Error,Error,Error,Error,Error,Error,Error,Error,<iterativeStmt> ===>  TK_WHILE  TK_OP  <booleanExpression>  TK_CL  <stmt>  <otherStmts>  TK_ENDWHILE ,<iterativeStmt> ===>  TK_WHILE  TK_OP  <booleanExpression>  TK_CL  <stmt>  <otherStmts>  TK_ENDWHILE ,Error,<iterativeStmt> ===>  TK_WHILE  TK_OP  <booleanExpression>  TK_CL  <stmt>  <otherStmts>  TK_ENDWHILE ,<iterativeStmt> ===>  TK_WHILE  TK_OP  <booleanExpression>  TK_CL  <stmt>  <otherStmts>  TK_ENDWHILE ,<iterativeStmt> ===>  TK_WHILE  TK_OP  <booleanExpression>  TK_CL  <stmt>  <otherStmts>  TK_ENDWHILE ,<iterativeStmt> ===>  TK_WHILE  TK_OP  <booleanExpression>  TK_CL  <stmt>  <otherStmts>  TK_ENDWHILE ,<iterativeStmt> ===>  TK_WHILE  TK_OP  <booleanExpression>  TK_CL  <stmt>  <otherStmts>  TK_ENDWHILE ,Error,Error,<iterativeStmt> ===>  TK_WHILE  TK_OP  <booleanExpression>  TK_CL  <stmt>  <otherStmts>  TK_ENDWHILE ,Error,Error,Error,<iterativeStmt> ===>  TK_WHILE  TK_OP  <booleanExpression>  TK_CL  <stmt>  <otherStmts>  TK_ENDWHILE ,<iterativeStmt> ===>  TK_WHILE  TK_OP  <booleanExpression>  TK_CL  <stmt>  <otherStmts>  TK_ENDWHILE ,<iterativeStmt> ===>  TK_WHILE  TK_OP  <booleanExpression>  TK_CL  <stmt>  <otherStmts>  TK_ENDWHILE ,Error,Error,Error,<iterativeStmt> ===>  TK_WHILE  TK_OP  <booleanExpression>  TK_CL  <stmt>  <otherStmts>  TK_ENDWHILE ,Error,Error,Error,Error,Error,<iterativeStmt> ===>  TK_WHILE  TK_OP  <booleanExpression>  TK_CL  <stmt>  <otherStmts>  TK_ENDWHILE ,<iterativeStmt> ===>  TK_WHILE  TK_OP  <booleanExpression>  TK_CL  <stmt>  <otherStmts>  TK_ENDWHILE ,Error,Error,Error,Error,Error,Error,<iterativeStmt> ===>  TK_WHILE  TK_OP  <booleanExpression>  TK_CL  <stmt>  <otherStmts>  TK_ENDWHILE ,Error,Error,Error,Error,Error,Error,Error,
<conditionalStmt>,Error,Error,Error,<conditionalStmt> ===>  TK_IF  TK_OP  <booleanExpression>  TK_CL  TK_THEN  <stmt>  <otherStmts>  <elsePart> ,Error,Error,Error,Error,Error,Error,Error,Error,Error,Error,Error,Error,<conditionalStmt> ===>  TK_IF  TK_OP  <booleanExpression>  TK_CL  TK_THEN  <stmt>  <otherStmts>  <elsePart> ,<conditionalStmt> ===>  TK_IF  TK_OP  <booleanExpression>  TK_CL  TK_THEN  <stmt>  <otherStmts>  <elsePart> ,<conditionalStmt> ===>  TK_IF  TK_OP  <booleanExpression>  TK_CL  TK_THEN  <stmt>  <otherStmts>  <elsePart> ,<conditionalStmt> ===>  TK_IF  TK_OP  <booleanExpression>  TK_CL  TK_THEN  <stmt>  <otherStmts>  <elsePart> ,<conditionalStmt> ===>  TK_IF  TK_OP  <booleanExpression>  TK_CL  TK_THEN  <stmt>  <otherStmts>  <elsePart> ,<conditionalStmt> ===>  TK_IF  TK_OP  <booleanExpression>  TK_CL  TK_THEN  <stmt>  <otherStmts>  <elsePart> ,<conditionalStmt> ===>  TK_IF  TK_OP  <booleanExpression>  TK_CL  TK_THEN  <stmt>  <otherStmts>  <elsePart> ,<conditionalStmt> ===>  TK_IF  TK_OP  <booleanExpression>  TK_CL  TK_THEN  <stmt>  <otherStmts>  <elsePart> ,Error,Error,<conditionalStmt> ===>  TK_IF  TK_OP  <booleanExpression>  TK_CL  TK_THEN  <stmt>  <otherStmts>  <elsePart> ,Error,Error,Error,<conditionalStmt> ===>  TK_IF  TK_OP  <booleanExpression>  TK_CL  TK_THEN  <stmt>  <otherStmts>  <elsePart> ,<conditionalStmt> ===>  TK_IF  TK_OP  <booleanExpression>  TK_CL  TK_THEN  <stmt>  <otherStmts>  <elsePart> ,<conditionalStmt> ===>  TK_IF  TK_OP  <booleanExpression>  TK_CL  TK_THEN  <stmt>  <otherStmts>  <elsePart> ,Error,Error,Error,<conditionalStmt> ===>  TK_IF  TK_OP  <booleanExpression>  TK_CL  TK_THEN  <stmt>  <otherStmts>  <elsePart> ,Error,Error,Error,Error,Error,<conditionalStmt> ===>  TK_IF  TK_OP  <booleanExpression>  TK_CL  TK_THEN  <stmt>  <otherStmts>  <elsePart> ,<conditionalStmt> ===>  TK_IF  TK_OP  <booleanExpression>  TK_CL  TK_THEN  <stmt>  <otherStmts>  <elsePart> ,Error,Error,Error,Error,Error,Error,<conditionalStmt> ===>  TK_IF  TK_OP  <booleanExpression>  TK_CL  TK_THEN  <stmt>  <otherStmts>  <elsePart> ,Error,Error,Error,Error,Error,Error,Error,
<elsePart>,Error,Error,Error,<elsePart> ===>  TK_ELSE  <stmt>  <otherStmts>  TK_ENDIF ,Error,Error,Error,Error,Error,Error,Error,Error,Error,Error,Error,Error,<elsePart> ===>  TK_ELSE  <stmt>  <otherStmts>  TK_ENDIF ,<elsePart> ===>  TK_ELSE  <stmt>  <otherStmts>  TK_ENDIF ,Error,<elsePart> ===>  TK_ENDIF ,<elsePart> ===>  TK_ELSE  <stmt>  <otherStmts>  TK_ENDIF ,<elsePart> ===>  TK_ELSE  <stmt>  <otherStmts>  TK_ENDIF ,<elsePart> ===>  TK_ELSE  <stmt>  <otherStmts>  TK_ENDIF ,<elsePart> ===>  TK_ELSE  <stmt>  <otherStmts>  TK_ENDIF ,Error,Error,<elsePart> ===>  TK_ELSE  <stmt>  <otherStmts>  TK_ENDIF ,Error,Error,Error,<elsePart> ===>  TK_ELSE  <stmt>  <otherStmts>  TK_ENDIF ,Error,Error,Error,Error,Error,<elsePart> ===>  TK_ELSE  <stmt>  <otherStmts>  TK_ENDIF ,Error,Error,Error,Error,Error,Error,Error,Error,Error,Error,Error,Error,Error,Error,Error,Error,Error,Error,Error,Error,Error,
<ioStmt>,Error,Error,Error,Error,Error,Error,Error,Error,Error,Error,Error,Error,Error,Error,Error,Error,Error,Error,Error,Error,<ioStmt> ===>  TK_READ  TK_OP  <var>  TK_CL  TK_SEM ,<ioStmt> ===>  TK_WRITE  TK_OP  <var>  TK_CL  TK_SEM ,Error,Error,Error,Error,Error,Error,Error,Error,<ioStmt> ===>  TK_WRITE  TK_OP  <var>  TK_CL  TK_SEM ,<ioStmt> ===>  TK_WRITE  TK_OP  <var>  TK_CL  TK_SEM ,<ioStmt> ===>  TK_WRITE  TK_OP  <var>  TK_CL  TK_SEM ,Error,Error,Error,Error,Error,Error,<ioStmt> ===>  TK_WRITE  TK_OP  <var>  TK_CL  TK_SEM ,Error,Error,<ioStmt> ===>  TK_WRITE  TK_OP  <var>  TK_CL  TK_SEM ,<ioStmt> ===>  TK_WRITE  TK_OP  <var>  TK_CL  TK_SEM ,Error,Error,Error,Error,Error,Error,Error,Error,Error,Error,Error,Error,Error,Error,
<arithmeticExpression>,Error,Error,Error,Error,Error,Error,Error,Error,Error,Error,Error,Error,Error,Error,Error,Error,Error,Error,Error,Error,Error,Error,Error,Error,Error,Error,Error,Error,Error,Error,<arithmeticExpression> ===>  <term>  <expPrime> ,<arithmeticExpression> ===>  <term>  <expPrime> ,<arithmeticExpression> ===>  <term>  <expPrime> ,Error,Error,Error,Error,Error,Error,<arithmeticExpression> ===>  <term>  <expPrime> ,Error,Error,<arithmeticExpression> ===>  <term>  <expPrime> ,<arithmeticExpression> ===>  <term>  <expPrime> ,<arithmeticExpression> ===>  <term>  <expPrime> ,<arithmeticExpression> ===>  <term>  <expPrime> ,Error,Error,Error,Error,Error,Error,Error,Error,Error,Error,Error,Error,
<expPrime>,Error,Error,Error,Error,Error,Error,Error,Error,Error,Error,Error,Error,Error,Error,Error,Error,Error,Error,Error,Error,Error,Error,Error,Error,Error,Error,Error,Error,Error,Error,<expPrime> ===>  <lowPrecedenceOperators>  <term>  <expPrime> ,<expPrime> ===>  <lowPrecedenceOperators>  <term>  <expPrime> ,<expPrime> ===>  <lowPrecedenceOperators>  <term>  <expPrime> ,Error,Error,Error,Error,Error,Error,<expPrime> ===>  epsilon ,Error,Error,<expPrime> ===>  <lowPrecedenceOperators>  <term>  <expPrime> ,<expPrime> ===>  epsilon ,<expPrime> ===>  <lowPrecedenceOperators>  <term>  <expPrime> ,<expPrime> ===>  <lowPrecedenceOperators>  <term>  <expPrime> ,Error,Error,Error,Error,Error,Error,Error,Error,Error,Error,Error,Error,
<term>,Error,Error,Error,Error,Error,Error,Error,Error,Error,Error,Error,Error,Error,Error,Error,Error,Error,Error,Error,Error,Error,Error,Error,Error,Error,Error,Error,Error,Error,Error,<term> ===>  <factor>  <termPrime> ,<term> ===>  <factor>  <termPrime> ,<term> ===>  <factor>  <termPrime> ,Error,Error,Error,Error,Error,Error,<term> ===>  <factor>  <termPrime> ,Error,Error,<term> ===>  <factor>  <termPrime> ,<term> ===>  <factor>  <termPrime> ,<term> ===>  <factor>  <termPrime> ,<term> ===>  <factor>  <termPrime> ,<term> ===>  <factor>  <termPrime> ,<term> ===>  <factor>  <termPrime> ,Error,Error,Error,Error,Error,Error,Error,Error,Error,Error,
<termPrime>,Error,Error,Error,Error,Error,Error,Error,Error,Error,Error,Error,Error,Error,Error,Error,Error,Error,Error,Error,Error,Error,Error,Error,Error,Error,Error,Error,Error,Error,Error,<termPrime> ===>  <highPrecedenceOperators>  <factor>  <termPrime> ,<termPrime> ===>  <highPrecedenceOperators>  <factor>  <termPrime> ,<termPrime> ===>  <highPrecedenceOperators>  <factor>  <termPrime> ,Error,Error,Error,Error,Error,Error,<termPrime> ===>  epsilon ,Error,Error,<termPrime> ===>  <highPrecedenceOperators>  <factor>  <termPrime> ,<termPrime> ===>  epsilon ,<termPrime> ===>  epsilon ,<termPrime> ===>  epsilon ,<termPrime> ===>  <highPrecedenceOperators>  <factor>  <termPrime> ,<termPrime> ===>  <highPrecedenceOperators>  <factor>  <termPrime> ,Error,Error,Error,Error,Error,Error,Error,Error,Error,Error,
<factor>,Error,Error,Error,Error,Error,Error,Error,Error,Error,Error,Error,Error,Error,Error,Error,Error,Error,Error,Error,Error,Error,Error,Error,Error,Error,Error,Error,Error,Error,Error,<factor> ===>  <var> ,<factor> ===>  <var> ,<factor> ===>  <var> ,Error,Error,Error,Error,Error,Error,Error,Error,Error,<factor> ===>  TK_OP  <arithmeticExpression>  TK_CL ,<factor> ===>  TK_OP  <arithmeticExpression>  TK_CL ,Error,Error,Error,Error,Error,Error,Error,Error,Error,Error,Error,Error,Error,Error,
<highPrecedenceOperators>,Error,Error,Error,Error,Error,Error,Error,Error,Error,Error,Error,Error,Error,Error,Error,Error,Error,Error,Error,Error,Error,Error,Error,Error,Error,Error,Error,Error,Error,Error,Error,Error,Error,Error,Error,Error,Error,Error,Error,Error,Error,Error,Error,Error,Error,Error,<highPrecedenceOperators> ===>  TK_MUL ,<highPrecedenceOperators> ===>  TK_DIV ,Error,Error,Error,Error,Error,Error,Error,Error,Error,Error,
<lowPrecedenceOperators>,Error,Error,Error,Error,Error,Error,Error,Error,Error,Error,Error,Error,Error,Error,Error,Error,Error,Error,Error,Error,Error,Error,Error,Error,Error,Error,Error,Error,Error,Error,Error,Error,Error,Error,Error,Error,Error,Error,Error,Error,Error,Error,Error,Error,<lowPrecedenceOperators> ===>  TK_PLUS ,<lowPrecedenceOperators> ===>  TK_MINUS ,Error,Error,Error,Error,Error,Error,Error,Error,Error,Error,Error,Error,
<booleanExpression>,Error,Error,Error,Error,Error,Error,Error,Error,Error,Error,Error,Error,Error,Error,Error,Error,Error,Error,Error,Error,Error,Error,Error,Error,Error,Error,Error,Error,Error,Error,<booleanExpression> ===>  TK_NOT  TK_OP  <booleanExpression>  TK_CL ,<booleanExpression> ===>  TK_NOT  TK_OP  <booleanExpression>  TK_CL ,<booleanExpression> ===>  TK_NOT  TK_OP  <booleanExpression>  TK_CL ,Error,Error,Error,Error,Error,Error,Error,Error,Error,<booleanExpression> ===>  TK_NOT  TK_OP  <booleanExpression>  TK_CL ,<booleanExpression> ===>  TK_NOT  TK_OP  <booleanExpression>  TK_CL ,Error,Error,Error,Error,<booleanExpression> ===>  TK_OP  <booleanExpression>  TK_CL  <logicalOp>  TK_OP  <booleanExpression>  TK_CL ,<booleanExpression> ===>  TK_OP  <booleanExpression>  TK_CL  <logicalOp>  TK_OP  <booleanExpression>  TK_CL ,<booleanExpression> ===>  TK_NOT  TK_OP  <booleanExpression>  TK_CL ,<booleanExpression> ===>  <var>  <relationalOp>  <var> ,<booleanExpression> ===>  <var>  <relationalOp>  <var> ,<booleanExpression> ===>  <var>  <relationalOp>  <var> ,<booleanExpression> ===>  <var>  <relationalOp>  <var> ,<booleanExpression> ===>  <var>  <relationalOp>  <var> ,<booleanExpression> ===>  <var>  <relationalOp>  <var> ,Error,
<var>,Error,Error,Error,Error,Error,Error,Error,Error,Error,Error,Error,Error,Error,Error,Error,Error,Error,Error,Error,Error,Error,Error,Error,Error,Error,Error,Error,Error,Error,Error,<var> ===>  TK_ID ,<var> ===>  TK_NUM ,<var> ===>  TK_RNUM ,Error,Error,Error,Error,Error,Error,Error,Error,Error,Error,Error,Error,Error,Error,Error,Error,Error,Error,Error,Error,Error,Error,Error,Error,Error,
<logicalOp>,Error,Error,Error,Error,Error,Error,Error,Error,Error,Error,Error,Error,Error,Error,Error,Error,Error,Error,Error,Error,Error,Error,Error,Error,Error,Error,Error,Error,Error,Error,Error,Error,Error,Error,Error,Error,Error,Error,Error,Error,Error,Error,Error,Error,Error,Error,Error,Error,<logicalOp> ===>  TK_AND ,<logicalOp> ===>  TK_OR ,Error,Error,Error,Error,Error,Error,Error,Error,
<relationalOp>,Error,Error,Error,Error,Error,Error,Error,Error,Error,Error,Error,Error,Error,Error,Error,Error,Error,Error,Error,Error,Error,Error,Error,Error,Error,Error,Error,Error,Error,Error,Error,Error,Error,Error,Error,Error,Error,Error,Error,Error,Error,Error,Error,Error,Error,Error,Error,Error,Error,Error,Error,<relationalOp> ===>  TK_LT ,<relationalOp> ===>  TK_LE ,<relationalOp> ===>  TK_EQ ,<relationalOp> ===>  TK_GT ,<relationalOp> ===>  TK_GE ,<relationalOp> ===>  TK_NE ,Error,
<returnStmt>,Error,Error,<returnStmt> ===>  TK_RETURN  <optionalReturn>  TK_SEM ,Error,Error,Error,Error,Error,Error,Error,Error,Error,Error,Error,Error,Error,Error,Error,Error,Error,Error,Error,<returnStmt> ===>  TK_RETURN  <optionalReturn>  TK_SEM ,Error,Error,Error,Error,Error,Error,Error,Error,Error,Error,Error,Error,Error,<returnStmt> ===>  TK_RETURN  <optionalReturn>  TK_SEM ,Error,Error,<returnStmt> ===>  TK_RETURN  <optionalReturn>  TK_SEM ,Error,Error,Error,Error,Error,Error,Error,Error,Error,Error,Error,Error,Error,Error,Error,Error,Error,Error,
<optionalReturn>,Error,Error,Error,Error,Error,Error,Error,Error,Error,Error,Error,Error,Error,Error,Error,Error,Error,Error,Error,Error,Error,Error,Error,Error,Error,Error,Error,Error,Error,Error,<optionalReturn> ===>  TK_SQL  <idList>  TK_SQR ,Error,Error,Error,Error,Error,<optionalReturn> ===>  TK_SQL  <idList>  TK_SQR ,<optionalReturn> ===>  TK_SQL  <idList>  TK_SQR ,Error,<optionalReturn> ===>  epsilon ,Error,Error,Error,Error,Error,Error,Error,Error,Error,Error,Error,Error,Error,Error,Error,Error,Error,Error,
<idList>,Error,Error,Error,Error,Error,Error,Error,Error,Error,Error,Error,Error,Error,Error,Error,Error,Error,Error,Error,Error,Error,Error,Error,Error,Error,Error,Error,Error,Error,Error,<idList> ===>  TK_ID  <more_ids> ,Error,Error,Error,Error,Error,Error,<idList> ===>  TK_ID  <more_ids> ,<idList> ===>  TK_ID  <more_ids> ,Error,Error,Error,Error,Error,Error,Error,Error,Error,Error,Error,Error,Error,Error,Error,Error,Error,Error,Error,
<more_ids>,Error,Error,Error,Error,Error,Error,Error,Error,Error,Error,Error,Error,Error,Error,Error,Error,Error,Error,Error,Error,Error,Error,Error,Error,Error,Error,Error,Error,Error,Error,<more_ids> ===>  TK_COMMA  <idList> ,Error,Error,Error,Error,Error,Error,<more_ids> ===>  epsilon ,<more_ids> ===>  TK_COMMA  <idList> ,Error,Error,Error,Error,Error,Error,Error,Error,Error,Error,Error,Error,Error,Error,Error,Error,Error,Error,Error,
<definetypestmt>,Error,Error,Error,Error,<definetypestmt> ===>  TK_DEFINETYPE  <A>  TK_RUID  TK_AS  TK_RUID ,Error,<definetypestmt> ===>  TK_DEFINETYPE  <A>  TK_RUID  TK_AS  TK_RUID ,<definetypestmt> ===>  TK_DEFINETYPE  <A>  TK_RUID  TK_AS  TK_RUID ,Error,Error,Error,Error,Error,Error,Error,Error,Error,Error,Error,Error,Error,Error,Error,Error,<definetypestmt> ===>  TK_DEFINETYPE  <A>  TK_RUID  TK_AS  TK_RUID ,Error,Error,Error,Error,Error,Error,Error,Error,Error,<definetypestmt> ===>  TK_DEFINETYPE  <A>  TK_RUID  TK_AS  TK_RUID ,Error,Error,Error,Error,Error,Error,Error,Error,Error,Error,Error,Error,Error,Error,Error,Error,Error,Error,Error,Error,Error,Error,Error,
<A>,Error,Error,Error,Error,<A> ===>  TK_UNION ,Error,Error,Error,Error,Error,Error,Error,Error,Error,Error,Error,Error,Error,Error,Error,Error,Error,Error,Error,<A> ===>  TK_RECORD ,Error,Error,Error,Error,Error,Error,Error,Error,Error,Error,Error,Error,Error,Error,Error,Error,Error,Error,Error,Error,Error,Error,Error,Error,Error,Error,Error,Error,Error,Error,Error,Error,Error,
